Type,Proportion
Uro,0.1329
Breast,0.2486
Sarcoma,0.0416086004379852676
Lung,0.10790364324109098216
Pediatric,0.01154688433207246688
ENT,0.07186940075652000708
Neuro,0.07824009556042205558
Metastasis,0.17459685446944057506
Hematologic,0.03364523193310770724
Gynecologic,0.0191120844117061520
Digestive,0.04817837945450925754
Dermatological,0.031057137169022497
